N,alpha_index,alpha,M,samples,unsat,seconds
12,0,3.0,36,400,3,0.04
12,1,3.1,37,400,0,0.04
12,2,3.2,38,400,6,0.03
12,3,3.3,40,400,5,0.03
12,4,3.4,41,400,11,0.03
12,5,3.5,42,400,17,0.03
12,6,3.6,43,400,15,0.03
12,7,3.7,44,400,34,0.04
12,8,3.8,46,400,33,0.03
12,9,3.9,47,400,52,0.04
12,10,4.0,48,400,54,0.04
12,11,4.1,49,400,57,0.05
12,12,4.2,50,400,77,0.04
12,13,4.3,52,400,109,0.04
12,14,4.4,53,400,132,0.04
12,15,4.5,54,400,138,0.04
12,16,4.6,55,400,158,0.04
12,17,4.7,56,400,169,0.04
12,18,4.8,58,400,206,0.05
12,19,4.9,59,400,209,0.05
12,20,5.0,60,400,216,0.06
12,21,5.1,61,400,236,0.06
12,22,5.2,62,400,254,0.06
12,23,5.3,64,400,249,0.07
12,24,5.4,65,400,287,0.06
12,25,5.5,66,400,298,0.05
12,26,5.6,67,400,315,0.07
12,27,5.7,68,400,318,0.05
12,28,5.8,70,400,323,0.05
12,29,5.9,71,400,321,0.07
12,30,6.0,72,400,339,0.06
20,0,3.0,60,400,0,0.05
20,1,3.1,62,400,1,0.06
20,2,3.2,64,400,2,0.05
20,3,3.3,66,400,5,0.06
20,4,3.4,68,400,4,0.05
20,5,3.5,70,400,7,0.06
20,6,3.6,72,400,11,0.07
20,7,3.7,74,400,23,0.07
20,8,3.8,76,400,34,0.07
20,9,3.9,78,400,45,0.07
20,10,4.0,80,400,62,0.06
20,11,4.1,82,400,80,0.06
20,12,4.2,84,400,106,0.06
20,13,4.3,86,400,129,0.06
20,14,4.4,88,400,142,0.07
20,15,4.5,90,400,183,0.07
20,16,4.6,92,400,194,0.07
20,17,4.7,94,400,237,0.09
20,18,4.8,96,400,244,0.09
20,19,4.9,98,400,260,0.09
20,20,5.0,100,400,275,0.09
20,21,5.1,102,400,285,0.1
20,22,5.2,104,400,315,0.09
20,23,5.3,106,400,336,0.09
20,24,5.4,108,400,346,0.1
20,25,5.5,110,400,352,0.09
20,26,5.6,112,400,344,0.08
20,27,5.7,114,400,369,0.07
20,28,5.8,116,400,387,0.07
20,29,5.9,118,400,381,0.09
20,30,6.0,120,400,384,0.09
24,0,3.0,72,400,0,0.05
24,1,3.1,74,400,0,0.05
24,2,3.2,77,400,1,0.06
24,3,3.3,79,400,1,0.08
24,4,3.4,82,400,4,0.07
24,5,3.5,84,400,7,0.06
24,6,3.6,86,400,13,0.06
24,7,3.7,89,400,12,0.07
24,8,3.8,91,400,31,0.07
24,9,3.9,94,400,47,0.08
24,10,4.0,96,400,63,0.1
24,11,4.1,98,400,89,0.09
24,12,4.2,101,400,120,0.09
24,13,4.3,103,400,143,0.09
24,14,4.4,106,400,155,0.08
24,15,4.5,108,400,198,0.08
24,16,4.6,110,400,215,0.08
24,17,4.7,113,400,237,0.08
24,18,4.8,115,400,269,0.1
24,19,4.9,118,400,279,0.1
24,20,5.0,120,400,302,0.08
24,21,5.1,122,400,318,0.09
24,22,5.2,125,400,330,0.09
24,23,5.3,127,400,335,0.09
24,24,5.4,130,400,358,0.09
24,25,5.5,132,400,377,0.09
24,26,5.6,134,400,378,0.09
24,27,5.7,137,400,383,0.1
24,28,5.8,139,400,385,0.12
24,29,5.9,142,400,390,0.11
24,30,6.0,144,400,387,0.12
40,0,3.0,120,400,0,0.1
40,1,3.1,124,400,0,0.1
40,2,3.2,128,400,0,0.11
40,3,3.3,132,400,0,0.11
40,4,3.4,136,400,0,0.12
40,5,3.5,140,400,1,0.1
40,6,3.6,144,400,3,0.11
40,7,3.7,148,400,13,0.13
40,8,3.8,152,400,25,0.13
40,9,3.9,156,400,38,0.12
40,10,4.0,160,400,64,0.11
40,11,4.1,164,400,93,0.13
40,12,4.2,168,400,132,0.16
40,13,4.3,172,400,157,0.16
40,14,4.4,176,400,208,0.16
40,15,4.5,180,400,240,0.16
40,16,4.6,184,400,272,0.15
40,17,4.7,188,400,296,0.15
40,18,4.8,192,400,344,0.16
40,19,4.9,196,400,343,0.17
40,20,5.0,200,400,353,0.17
40,21,5.1,204,400,365,0.16
40,22,5.2,208,400,371,0.16
40,23,5.3,212,400,387,0.18
40,24,5.4,216,400,388,0.16
40,25,5.5,220,400,391,0.17
40,26,5.6,224,400,394,0.18
40,27,5.7,228,400,397,0.18
40,28,5.8,232,400,400,0.17
40,29,5.9,236,400,398,0.2
40,30,6.0,240,400,399,0.17
50,0,3.0,150,400,0,0.12
50,1,3.1,155,400,0,0.11
50,2,3.2,160,400,0,0.11
50,3,3.3,165,400,0,0.11
50,4,3.4,170,400,0,0.12
50,5,3.5,175,400,0,0.12
50,6,3.6,180,400,3,0.14
50,7,3.7,185,400,7,0.12
50,8,3.8,190,400,9,0.13
50,9,3.9,195,400,30,0.17
50,10,4.0,200,400,65,0.16
50,11,4.1,205,400,81,0.16
50,12,4.2,210,400,133,0.17
50,13,4.3,215,400,163,0.18
50,14,4.4,220,400,214,0.17
50,15,4.5,225,400,260,0.18
50,16,4.6,230,400,289,0.2
50,17,4.7,235,400,326,0.19
50,18,4.8,240,400,351,0.2
50,19,4.9,245,400,368,0.19
50,20,5.0,250,400,375,0.2
50,21,5.1,255,400,379,0.18
50,22,5.2,260,400,390,0.18
50,23,5.3,265,400,396,0.2
50,24,5.4,270,400,397,0.21
50,25,5.5,275,400,400,0.2
50,26,5.6,280,400,399,0.22
50,27,5.7,285,400,400,0.22
50,28,5.8,290,400,399,0.2
50,29,5.9,295,400,400,0.21
50,30,6.0,300,400,398,0.21
100,0,3.0,300,400,0,0.21
100,1,3.1,310,400,0,0.2
100,2,3.2,320,400,0,0.21
100,3,3.3,330,400,0,0.23
100,4,3.4,340,400,0,0.25
100,5,3.5,350,400,0,0.28
100,6,3.6,360,400,0,0.28
100,7,3.7,370,400,0,0.28
100,8,3.8,380,400,1,0.33
100,9,3.9,390,400,9,0.42
100,10,4.0,400,400,38,0.39
100,11,4.1,410,400,86,0.5
100,12,4.2,420,400,149,0.53
100,13,4.3,430,400,212,0.57
100,14,4.4,440,400,278,0.58
100,15,4.5,450,400,326,0.6
100,16,4.6,460,400,354,0.6
100,17,4.7,470,400,381,0.56
100,18,4.8,480,400,385,0.53
100,19,4.9,490,400,394,0.52
100,20,5.0,500,400,396,0.5
100,21,5.1,510,400,400,0.51
100,22,5.2,520,400,400,0.48
100,23,5.3,530,400,399,0.47
100,24,5.4,540,400,400,0.48
100,25,5.5,550,400,400,0.45
100,26,5.6,560,400,400,0.45
100,27,5.7,570,400,400,0.47
100,28,5.8,580,400,400,0.47
100,29,5.9,590,400,400,0.46
100,30,6.0,600,400,400,0.47
150,0,3.8,570,200,0,0.33
150,1,3.85,578,200,0,0.37
150,2,3.9,585,200,1,0.48
150,3,3.95,592,200,2,0.61
150,4,4.0,600,200,7,0.66
150,5,4.05,608,200,11,0.95
150,6,4.1,615,200,36,1.15
150,7,4.15,622,200,42,1.3
150,8,4.2,630,200,48,1.37
150,9,4.25,638,200,87,1.59
150,10,4.3,645,200,122,1.77
150,11,4.35,652,200,131,1.73
150,12,4.4,660,200,155,1.7
150,13,4.45,668,200,155,1.47
150,14,4.5,675,200,174,1.53
150,15,4.55,682,200,182,1.44
150,16,4.6,690,200,188,1.35
150,17,4.65,698,200,194,1.23
150,18,4.7,705,200,197,1.14
150,19,4.75,712,200,198,1.01
150,20,4.8,720,200,200,1.04
200,0,3.8,760,200,0,0.73
200,1,3.85,770,200,0,0.83
200,2,3.9,780,200,0,1.92
200,3,3.95,790,200,1,2.04
200,4,4.0,800,200,3,3.41
200,5,4.05,810,200,5,4.43
200,6,4.1,820,200,20,9.45
200,7,4.15,830,200,37,12.82
200,8,4.2,840,200,62,13.82
200,9,4.25,850,200,92,18.88
200,10,4.3,860,200,128,18.24
200,11,4.35,870,200,143,17.51
200,12,4.4,880,200,168,16.66
200,13,4.45,890,200,179,15.12
200,14,4.5,900,200,192,12.85
200,15,4.55,910,200,194,11.63
200,16,4.6,920,200,195,10.23
200,17,4.65,930,200,197,8.68
200,18,4.7,940,200,200,7.77
200,19,4.75,950,200,200,6.96
200,20,4.8,960,200,200,5.92
