config,hidden,seed,test_final,test_at_best_val,best_val
shallow,0,0,0.626,0.683,0.677
shallow,0,1,0.651,0.676,0.673
shallow,0,2,0.646,0.691,0.683
shallow,0,3,0.628,0.679,0.681
shallow,0,4,0.649,0.691,0.678
shallow,0,5,0.66,0.684,0.679
shallow,0,6,0.648,0.68,0.682
shallow,0,7,0.646,0.685,0.684
shallow,0,8,0.625,0.688,0.689
shallow,0,9,0.645,0.679,0.677
shallow,0,10,0.652,0.68,0.684
shallow,0,11,0.65,0.671,0.674
shallow,0,12,0.642,0.68,0.675
shallow,0,13,0.636,0.691,0.689
shallow,0,14,0.64,0.67,0.675
shallow,0,15,0.649,0.677,0.671
shallow,0,16,0.617,0.68,0.678
shallow,0,17,0.641,0.678,0.677
shallow,0,18,0.649,0.668,0.676
shallow,0,19,0.64,0.681,0.676
deep,10,0,0.791,0.915,0.922
deep,10,1,0.931,0.94,0.948
deep,10,2,0.969,0.978,0.978
deep,10,3,0.831,0.832,0.842
deep,10,4,0.886,0.897,0.906
deep,10,5,0.866,0.87,0.884
deep,10,6,0.877,0.895,0.892
deep,10,7,0.949,0.954,0.958
deep,10,8,0.937,0.944,0.954
deep,10,9,0.868,0.867,0.879
deep,10,10,0.811,0.844,0.861
deep,10,11,0.888,0.908,0.925
deep,10,12,0.86,0.877,0.89
deep,10,13,0.85,0.853,0.873
deep,10,14,0.945,0.955,0.963
deep,10,15,0.916,0.939,0.947
deep,10,16,0.867,0.866,0.878
deep,10,17,0.817,0.835,0.859
deep,10,18,0.876,0.877,0.898
deep,10,19,0.899,0.899,0.897
deep,20,0,0.985,0.988,0.986
deep,20,1,0.972,0.982,0.986
deep,20,2,0.987,0.986,0.987
deep,20,3,0.929,0.941,0.953
deep,20,4,0.981,0.977,0.981
deep,20,5,0.991,0.99,0.991
deep,20,6,0.98,0.983,0.988
deep,20,7,0.977,0.971,0.984
deep,20,8,0.984,0.984,0.987
deep,20,9,0.967,0.972,0.978
deep,20,10,0.979,0.982,0.987
deep,20,11,0.954,0.968,0.975
deep,20,12,0.959,0.979,0.983
deep,20,13,0.979,0.982,0.986
deep,20,14,0.974,0.987,0.987
deep,20,15,0.968,0.978,0.984
deep,20,16,0.977,0.988,0.988
deep,20,17,0.974,0.985,0.985
deep,20,18,0.984,0.99,0.981
deep,20,19,0.983,0.99,0.986
deep,30,0,0.991,0.991,0.993
deep,30,1,0.986,0.986,0.987
deep,30,2,0.962,0.977,0.987
deep,30,3,0.949,0.979,0.982
deep,30,4,0.989,0.984,0.989
deep,30,5,0.977,0.979,0.979
deep,30,6,0.984,0.986,0.989
deep,30,7,0.983,0.991,0.991
deep,30,8,0.983,0.988,0.99
deep,30,9,0.984,0.991,0.992
deep,30,10,0.968,0.984,0.988
deep,30,11,0.974,0.987,0.993
deep,30,12,0.98,0.99,0.993
deep,30,13,0.994,0.993,0.992
deep,30,14,0.977,0.968,0.982
deep,30,15,0.982,0.988,0.991
deep,30,16,0.975,0.98,0.989
deep,30,17,0.951,0.988,0.986
deep,30,18,0.979,0.995,0.99
deep,30,19,0.981,0.986,0.989
frozen,20,0,0.848,0.857,0.875
frozen,20,1,0.822,0.852,0.87
frozen,20,2,0.772,0.797,0.805
frozen,20,3,0.65,0.734,0.735
frozen,20,4,0.776,0.81,0.816
frozen,20,5,0.814,0.814,0.829
frozen,20,6,0.841,0.842,0.854
frozen,20,7,0.709,0.741,0.743
frozen,20,8,0.819,0.823,0.839
frozen,20,9,0.741,0.788,0.778
frozen,20,10,0.776,0.789,0.805
frozen,20,11,0.773,0.788,0.792
frozen,20,12,0.757,0.757,0.758
frozen,20,13,0.709,0.784,0.782
frozen,20,14,0.899,0.899,0.904
frozen,20,15,0.781,0.785,0.81
frozen,20,16,0.852,0.866,0.882
frozen,20,17,0.886,0.884,0.895
frozen,20,18,0.781,0.796,0.79
frozen,20,19,0.801,0.809,0.819
frozen,30,0,0.89,0.887,0.886
frozen,30,1,0.749,0.813,0.828
frozen,30,2,0.827,0.835,0.846
frozen,30,3,0.856,0.852,0.864
frozen,30,4,0.837,0.838,0.863
frozen,30,5,0.929,0.92,0.922
frozen,30,6,0.856,0.862,0.869
frozen,30,7,0.924,0.929,0.935
frozen,30,8,0.907,0.904,0.913
frozen,30,9,0.889,0.881,0.893
frozen,30,10,0.736,0.782,0.772
frozen,30,11,0.891,0.899,0.912
frozen,30,12,0.907,0.911,0.897
frozen,30,13,0.91,0.918,0.918
frozen,30,14,0.871,0.89,0.886
frozen,30,15,0.883,0.872,0.881
frozen,30,16,0.692,0.754,0.769
frozen,30,17,0.85,0.854,0.888
frozen,30,18,0.912,0.907,0.928
frozen,30,19,0.858,0.866,0.857
