shape,beta,seed,test_final,hidden_rate
fast_sigmoid,2,0,0.874,0.0639
fast_sigmoid,2,1,0.633,0.0639
fast_sigmoid,2,2,0.903,0.0639
fast_sigmoid,2,3,0.869,0.0639
fast_sigmoid,2,4,0.909,0.0639
fast_sigmoid,5,0,0.887,0.0647
fast_sigmoid,5,1,0.574,0.0647
fast_sigmoid,5,2,0.923,0.0647
fast_sigmoid,5,3,0.887,0.0647
fast_sigmoid,5,4,0.922,0.0647
fast_sigmoid,10,0,0.877,0.0621
fast_sigmoid,10,1,0.574,0.0621
fast_sigmoid,10,2,0.898,0.0621
fast_sigmoid,10,3,0.896,0.0621
fast_sigmoid,10,4,0.92,0.0621
fast_sigmoid,25,0,0.886,0.0601
fast_sigmoid,25,1,0.578,0.0601
fast_sigmoid,25,2,0.897,0.0601
fast_sigmoid,25,3,0.884,0.0601
fast_sigmoid,25,4,0.917,0.0601
