inst,gamma,p_opt_a1_4000,p_opt_a1,z,power_diff,power_diff_se,confirmed
343,0.5,0.46875,0.45977,-25.44,0.07878535705606664,0.0006658036555583695,1
754,0.5,0.52825,0.51406,8.89,-0.046982572134291765,0.0005187531075778255,1
2,0.9,0.69325,0.69094,120.76,-0.005846975527703191,0.00017692155278795064,1
20,0.9,0.55825,0.56108,38.63,-0.005887230904425416,0.0002059061593940469,1
25,0.9,0.4105,0.41738,-52.25,0.0028073637521004186,0.0001794483314296513,1
54,0.9,0.524,0.52489,15.74,-0.008203496766661047,0.00021983920581187229,1
58,0.9,0.52475,0.53704,23.43,-0.002855309209117548,0.00014812226398704787,1
61,0.9,0.54325,0.53656,23.12,-0.030646706556534883,0.00045078197811101637,1
111,0.9,0.556,0.5643,40.67,-0.058068036896447774,0.00046843630025883085,1
175,0.9,0.52925,0.52855,18.06,-0.013529752479053516,0.0002320553822169777,1
210,0.9,0.5265,0.51777,11.24,-0.01117569550892681,0.00020058516446780125,1
263,0.9,0.5835,0.57414,46.89,-0.007217565287224518,0.0002808118700394087,1
326,0.9,0.547,0.54026,25.46,-0.006450961136339933,0.00016733126201667228,1
343,0.9,0.37225,0.3676,-83.74,0.06402884132906447,0.00044455716089884226,1
348,0.9,0.4365,0.43895,-38.61,0.004229670312881718,0.00011956466854206365,1
466,0.9,0.60475,0.59719,61.47,-0.005582196743021746,0.00018481900286926295,1
491,0.9,0.53,0.53729,23.58,-0.003675594453314475,0.00019155137797288778,1
508,0.9,0.44475,0.45211,-30.29,0.005529166477352738,0.0002341613554086836,1
513,0.9,0.4285,0.42995,-44.3,0.0379799481331491,0.00034682659010587546,1
566,0.9,0.65175,0.64559,92.08,-0.008310593804342329,0.00025783474753262356,1
579,0.9,0.5985,0.59305,58.85,-0.001989005902549553,0.0002370428919806709,1
697,0.9,0.5455,0.54385,27.73,-0.03077863853005766,0.0005949013175881233,1
754,0.9,0.56775,0.55154,32.6,-0.010520954673914784,0.0001337921929301768,1
811,0.9,0.623,0.62292,77.74,-0.013261499936569257,0.00018254581691519063,1
833,0.9,0.55675,0.55968,37.74,-0.010331434732273392,0.0002632626403784792,1
845,0.9,0.403,0.41852,-51.53,0.009536229767470556,0.0003568378132422776,1
876,0.9,0.5425,0.54725,29.88,-0.006054213083903123,0.00017293133308943025,1
880,0.9,0.5535,0.55722,36.19,-0.004072879920602488,0.00020153689764905783,1
881,0.9,0.47225,0.46829,-20.06,0.003463513725078322,0.0001302399505172156,1
899,0.9,0.5345,0.52931,18.54,-0.006404372265427855,0.00015958159607583103,1
942,0.9,0.5375,0.53987,25.22,-0.008456034091351324,0.00010035778548507302,1
961,0.9,0.52575,0.52147,13.58,-0.002353636158630481,0.0001263948628078812,1
993,0.9,0.4725,0.48048,-12.35,0.005149585230898217,0.00011844469560258673,1
2,0.99,0.72225,0.71907,138.55,-0.0008124608351059819,2.0037555608225418e-05,1
20,0.99,0.59925,0.60127,64.05,-0.0008522206642756524,2.432573643985114e-05,1
27,0.99,0.4255,0.4332,-42.25,0.001672248712529587,2.7267164578161817e-05,1
58,0.99,0.54825,0.55833,36.89,-0.00035420616267771736,1.7383822184352535e-05,1
62,0.99,0.4525,0.45324,-29.57,0.035736298418865525,0.0002758015577483134,1
111,0.99,0.58275,0.58955,56.64,-0.07156357710649003,0.00042598952105373243,1
175,0.99,0.54625,0.54784,30.26,-0.0019701073845898825,3.036986299010681e-05,1
176,0.99,0.44525,0.44787,-32.97,0.0002986747508065226,1.7530050900304774e-05,1
210,0.99,0.54975,0.54225,26.72,-0.0012522936606289483,2.3953516763080548e-05,1
240,0.99,0.5325,0.52969,18.78,-0.0007715962005517303,1.3263461583772528e-05,1
263,0.99,0.618,0.6099,69.51,-0.0011316511676205151,3.503500975796983e-05,1
266,0.99,0.339,0.33358,-105.25,0.018219961062294433,0.00019153858368229208,1
326,0.99,0.55425,0.54761,30.11,-0.0009161122849878004,1.8693447179309057e-05,1
329,0.99,0.54175,0.55186,32.8,-0.0010026557172450993,2.6207700830997123e-05,1
343,0.99,0.34175,0.33436,-104.76,0.06813391370297966,0.0004147550642650551,1
348,0.99,0.41975,0.42269,-48.9,0.0004268699322345078,1.253475073802206e-05,1
433,0.99,0.53325,0.52495,15.78,-0.00041394009804984327,1.6765948700276428e-05,1
468,0.99,0.8135,0.81153,197.03,-0.020501350624706174,0.00022742785434742987,1
491,0.99,0.54,0.55087,32.17,-0.0004511332687366206,2.2601939852088956e-05,1
508,0.99,0.441,0.44589,-34.22,0.001050791402847366,2.93540571661983e-05,1
513,0.99,0.3725,0.36828,-83.31,0.0048148308759713935,4.6554456728236674e-05,1
532,0.99,0.53525,0.53183,20.13,-0.002492695081015691,2.8097179110045472e-05,1
566,0.99,0.72375,0.72052,139.47,-0.0007751556090124011,3.231581036493991e-05,1
579,0.99,0.61825,0.6093,69.13,-0.016935262842852027,0.00017498459237206906,1
607,0.99,0.56325,0.55255,33.24,-0.06496169925295481,0.00038121356716751503,1
659,0.99,0.458,0.46807,-20.19,0.0021296644888302357,2.1252902848422633e-05,1
660,0.99,0.4725,0.48827,-7.42,0.00019840224793312992,1.341748606523594e-05,1
663,0.99,0.4545,0.4479,-32.95,0.0026119683890304278,3.3491988872058005e-05,1
697,0.99,0.52575,0.52963,18.74,-0.08481344838160143,0.00047537015955022614,1
754,0.99,0.57525,0.55738,36.29,-0.0009900079064764137,1.3675231194505001e-05,1
804,0.99,0.819,0.82792,207.39,-0.018247177452561564,0.00022274273791814117,1
811,0.99,0.694,0.69027,120.34,-0.0008884814760670776,2.048771719315086e-05,1
815,0.99,0.46425,0.47111,-18.27,0.0030771988290714744,5.002606484703073e-05,1
833,0.99,0.6185,0.61811,74.7,-0.0008834598012070505,3.370332050572505e-05,1
845,0.99,0.3455,0.35675,-90.6,0.021886684560533904,0.0002337135302106536,1
866,0.99,0.5325,0.53957,25.03,-0.00037384751759139706,2.013144765437001e-05,1
876,0.99,0.54525,0.55038,31.86,-0.0009639625156288895,1.987821057370261e-05,1
880,0.99,0.58,0.57884,49.86,-0.0004858179690390367,2.3565470600708405e-05,1
942,0.99,0.54575,0.54734,29.94,-0.0008218823489901123,1.0351340831987038e-05,1
953,0.99,0.47475,0.4654,-21.88,0.00020143438664735284,1.1306922914645235e-05,1
993,0.99,0.4675,0.47488,-15.89,0.0005775144188613689,1.2515637756407155e-05,1
2,0.999,0.728,0.72257,140.77,-8.322598259309238e-05,2.027995883588887e-06,1
20,0.999,0.60525,0.60641,67.3,-8.826818477612144e-05,2.4750261154540922e-06,1
27,0.999,0.4205,0.42656,-46.45,0.00016221636358507233,2.7856359172544133e-06,1
58,0.999,0.5495,0.56066,38.36,-3.656623875796963e-05,1.769381463367972e-06,1
62,0.999,0.44725,0.4485,-32.57,0.03574899321825717,0.00027112769973041296,1
111,0.999,0.5855,0.59242,58.45,-0.07335086169395606,0.00042249834085896317,1
175,0.999,0.54875,0.54995,31.59,-0.00020599334608726574,3.129712827991614e-06,1
176,0.999,0.44425,0.44642,-33.89,3.202616135503587e-05,1.7825616390983324e-06,1
210,0.999,0.55325,0.54453,28.16,-0.00012625168714216407,2.4362457277237575e-06,1
240,0.999,0.53525,0.53151,19.93,-7.587881926476202e-05,1.3330710383335196e-06,1
263,0.999,0.62375,0.61465,72.51,-0.0001166175266546844,3.584056715504316e-06,1
266,0.999,0.336,0.3312,-106.76,0.0201362497914659,0.00018928044355003156,1
326,0.999,0.55475,0.5483,30.55,-9.455511892172962e-05,1.8901649909192844e-06,1
329,0.999,0.5435,0.55472,34.61,-0.0001037270909987996,2.6634322681514875e-06,1
343,0.999,0.338,0.33096,-106.91,0.0688568946677233,0.0004121920097539169,1
348,0.999,0.41675,0.42098,-49.98,4.2568877826210406e-05,1.259564884512202e-06,1
433,0.999,0.534,0.52609,16.5,-4.179049493451903e-05,1.6931717365081212e-06,1
468,0.999,0.81775,0.81588,199.78,-0.024349738511528447,0.0002204755730139281,1
491,0.999,0.54025,0.55154,32.6,-4.6722635867745865e-05,2.2991484604823427e-06,1
508,0.999,0.44275,0.44449,-35.11,0.00010910717485498384,3.0055456348526517e-06,1
513,0.999,0.36675,0.36152,-87.58,0.0004942481465467988,4.797743586585235e-06,1
532,0.999,0.5385,0.53395,21.47,-0.00026222349627960434,2.8938436747415684e-06,1
566,0.999,0.73175,0.72737,143.8,-7.765791945386776e-05,3.3090788690631155e-06,1
579,0.999,0.61925,0.61061,69.96,-0.018768776680141555,0.0001720387917694489,1
607,0.999,0.5555,0.54338,27.44,-0.0735387048663229,0.00037932857062775177,1
659,0.999,0.45075,0.46133,-24.46,0.00021002591769249854,2.1565492158878734e-06,1
660,0.999,0.47225,0.48728,-8.04,1.897737724385466e-05,1.349813198287241e-06,1
663,0.999,0.4515,0.44374,-35.58,0.00027033788768893646,3.4463944551036595e-06,1
697,0.999,0.52375,0.5275,17.39,-0.09204703605109589,0.00046250144530457916,1
754,0.999,0.5755,0.5573,36.24,-9.816886975458445e-05,1.3672770992204734e-06,1
804,0.999,0.8215,0.83114,209.43,-0.022518364685880896,0.00021697654439737778,1
811,0.999,0.69925,0.69713,124.68,-8.374365592343352e-05,2.0728169966563837e-06,1
815,0.999,0.46875,0.47566,-15.39,0.00036644268631439054,5.234855941179264e-06,1
833,0.999,0.62575,0.62554,79.4,-8.508906450314389e-05,3.4602810923151693e-06,1
845,0.999,0.341,0.35075,-94.39,0.02462984185062835,0.00022502840148213795,1
866,0.999,0.53475,0.54323,27.34,-3.571045243089091e-05,2.037146720822253e-06,1
876,0.999,0.54575,0.55074,32.09,-0.00010096123970913417,2.0178923594019037e-06,1
880,0.999,0.58275,0.58125,51.39,-4.9240137384294475e-05,2.3916345524856236e-06,1
942,0.999,0.5455,0.5482,30.48,-8.185911313706199e-05,1.03878488821077e-06,1
953,0.999,0.4745,0.46518,-22.02,2.0416773524355567e-05,1.133419585273952e-06,1
993,0.999,0.4675,0.47422,-16.3,5.832798419340156e-05,1.2581595400011872e-06,1
